,title
0,"Marcin, Yamandu Costa - ""ART OF GUITAR"" (Live in One Take)"
1,J̶u̶s̶t̶ ̶T̶h̶e̶ ̶T̶w̶o̶ ̶O̶f̶ ̶U̶s̶ → Just The One Of Me (Live)
2,HOW MUSIC WORKS - Marcin (Official Video)
3,Marcin - Carmen Habanera on One Guitar (Official Video)
4,"ART OF GUITAR - Marcin, RJ Pasin (Official Video)"
5,Just The Two Of Us on Guitar - Marcin and Ichika Nito
6,Marcin - Moonlight Sonata on One Guitar (Official Video)
7,When NBA Hires Just One Guitarist for a Halftime Show
8,"𝐏𝐥𝐚𝐲𝐥𝐢𝐬𝐭 이번에 내한하는 천재 아티스트 ""마르친(Marcin)""의 🎸 기타 모음"
9,Fly Me To The Moon - Marcin (Live Guitar)
10,Marcin - Kashmir on One Guitar (Official Video)
11,Marcin - Bite Your Nails (Official Video)
12,"Marcin, Ichika Nito - I Don't Write About Girls (Official Video)"
13,Acoustic VS Electric Guitar - Marcin and Ichika Nito
14,Marcin - Just The Two Of Us on Guitar (Full ver cover.)
15,This Is My Hardest Guitar Composition
16,"""Heart-Shaped Box"" on One Guitar - Marcin (Official Video)"
17,Marcin - Bite Your nalis (Acoustic cover.)
18,"Marcin, Yamandu Costa - ""ART OF GUITAR"" (Live in One Take)"
19,J̶u̶s̶t̶ ̶T̶h̶e̶ ̶T̶w̶o̶ ̶O̶f̶ ̶U̶s̶ → Just The One Of Me (Live)
20,I Returned To My Class After 10 Years Only To Play This
21,18-Year-Old Polish Guitarist Marcin STUNS Simon Cowell on America's Got Talent!
22,Marcin - Mozart Requiem on One Guitar (Official Video)
23,Marcin - Classical Dragon (Live Session)
24,"Marcin - ""Alors on Danse"" on One Guitar"
25,Chopin Nocturne on Guitar (Official Video)
26,Shape Of You on One Guitar - Marcin Patrzalek (Ed Sheeran)
27,"Marcin - ""Innuendo"" by Queen & ""Asturias"" on One Guitar (Live Guitar)"
28,"Beethoven's ""Für Elise"" on One Guitar - Marcin"
29,Marcin - Ain't No Sunshine on One Guitar (Official Video)
30,Marcin - Bach's Toccata on One Guitar (Official Video)
31,When I Stopped My Show To Prove It Wasn't Fake
32,Marcin - Toxicity on One Guitar (System of a Down)
33,"SUNGHA JUNG x MARCIN (live), Just the two of us, Allergies, Fly me to the moon, Improvisation"
34,Paganini's Caprice no. 24 on One Guitar - Marcin Patrzalek
35,Proving I'm Not Fake: HOW MUSIC WORKS (Live Concert)
36,"Marcin × 정성하 - Just the two of us , live concert, in korea(20240823)"
37,Cry Me a River
38,When Wyclef Jean Lost It For a New Guitar Style
39,Marcin - Still D.R.E. on One Guitar
40,HOW MUSIC WORKS (instrumental)
41,Beethoven's 5th Symphony on One Guitar - Marcin Patrzalek
42,Marcin - Sweet Dreams on One Guitar (Official Video)
43,"Marcin, Portugal. The Man - When The Light Goes (Official Video)"
44,Marcin - BABA YAGA (Official Video)
45,"Marcin × 정성하 - Just the two of us , live concert, in korea(20240823)"
46,"Marcin, Hayato Sumino - I Wish (Official Video)"
47,Marcin Patrzalek - Nicolo Paganini „Caprice No. 24” + El Colibri - Sagreras
48,Marcin Patrzalek - Mission Impossible (Solo Acoustic Guitar)
49,Marcin - Time Carries Me (Official Video)
50,Marcin - Moonlight Sonata (Live Performance)
51,Ichika Nito - The Moon’s Elbow feat. Marcin (Official Music Video)
52,Smooth Operator
53,Marcin - “Allergies” (Playthrough)
54,How Marcin breaks the internet (and his nails) with his guitar
55,To The Greatest Guitarist Of All Time
56,Marcin Patrzalek - Storm (Official Video)
57,Master Of Puppets on One Guitar - Marcin Patrzalek (Metallica)
58,Marcin Patrzalek - Asturias (Isaac Albeniz) - Solo Acoustic Guitar
59,Marcin Patrzalek - Bach's Toccata (Live)
60,"Marcin - ""Carmen"" on Guitar (Live in Japan)"
61,Marcin Patrzalek - Paper Thin Sky (Official Music Video)
62,just the two of us - Fingerstyle guitar (marcin)
63,How Marcin breaks the internet (and his nails) with his guitar
64,"Marcin - ""Passionfruit"" by Drake on One Guitar (Live Session)"
65,Marcin plays Tears In Heaven on electric (Clip)
66,Marcin - Layla on One Acoustic Guitar (Official Video)
67,MARCIN LIVE at Phoenix Suns Halftime | Insane Guitar Solo (NYE 2023)
68,"Marcin - ""Classical Dragon"" (Studio Session) | Late Show with Stephen Colbert"
69,Carmen on One Guitar Cover - Marcin
70,18-Year-Old Guitar Prodigy Leaves Everyone SPEECHLESS with His Unique Style!
71,Marcin x Sungha Jung Live in Seoul Korea - Just The Two Of Us :)
72,When I Taught Will Smith My Guitar Style
73,"Esther Abrami, Marcin - Astor Piazzolla: Libertango"
74,"Marcin, Delaney Bailey - Allergies (Lyric Video)"
75,Marcin + Moyun (Guitar + Guzheng) Another Wonderful Collab
76,Marcin Patrzałek - Asturias (Leyenda) - Must Be The Music 9
77,"Marcin, Delaney Bailey - Allergies (Official Music Video)"
78,Ichika Nito VS Marcin
79,Marcin Patrzalek - Aerials (System of a Down) - Solo Acoustic Guitar
80,Marcin improvises a jaw-dropping medley at Guitar World HQ
81,Marcin 🇵🇱 x Sungha Jung 🇰🇷 🎸마르친x정성하🎸Live in Seoul 240823 @Musinsa Garage
82,MARCIN Patrzalek & Royal Philharmonic Orchestra - Habenera from Carmen by Bizet (Live)
83,Marcin - HOW MUSIC WORKS | Live in Seoul | 1080p60 HDR #marcinpatrzalek #guitar #live
84,"Marcin, RJ Pasin - Art of Guitar"
85,마르친 글로와키 스턴트 쇼
86,Marcin Patrzalek - Hush (Official Music Video)
87,"Steve Vai, Marcin & Mateus Asato Epic Jam Session!"
88,KASHMIR (Led Zeppelin) – Epic Percussive Remix | Marcin Inspired
89,Marcin Live in Taiwan 12/03/25
90,Marcin Patrzalek - Salt (Official Music Video)
91,CARMEN HABANERA – Dark Percussive Guitar Remix (Marcin Style)
92,Allergies (Instrumental Version)
93,Marcin - FULL Capricho Arabe♨️ (LIVE in NYC in 4K)
94,Marcin Patrzałek - Smooth Operator Live
95,MARCIN KŁOSOWSKI - ZATAŃCZ (Official Video)
96,"Marcin - Ave Maria in Saigon, Vietnam 🙏❤️❤️❤️🇻🇳 #marcin #marcinpatrzalek #guitar #live #music #fyp"
97,We opened for Marcin😳!!! | CoZye Bts Vlog
98,Just The Two Of Us (Live)
99,Marcin Plays 'Cry Me a River' and 'Kashmir' on the streets of Paris
100,"Marcin 🇵🇱 x Sungha Jung 🇰🇷 Fly Me to the Moon | 240823 Live in Seoul, Korea 마르친x정성하"
101,"Marcin Barcelona Live! Guitar is Dead, I Killed It, Smooth Operator 😍 Solo Dragon Tour Apr. 16, 2025"
102,"Marcin: Heart-Shaped Box in Barcelona 😍 La Nau, Apr. 16, 2025"
103,Classical Dragon
104,MARCIN | MJF Spotlight Session (Live at Montreux Jazz Festival 2025)
105,Marcin Patrzalek (Guitar Wizards) Performs “Phoenix Rising”
106,Cough Syrup
107,Marcin & Yamandu Costa - Art of Guitar (dg3 remix)
108,Marcin | Live Guitar Performance in Spain 2026 🇪🇸 | (Fan Cam)
109,(Marcin) Guitar is dead - I Killed It (live in Viet Nam)
110,Storm - Marcin live on instagram
111,(Marcin) Carmen - Fingerstyle Guitar level Kid??
112,Marcin Teaches His Percussive Guitar Style | Sound Advice
113,Marcin Is the FAKEST Guitarist on the Internet
114,"Marcin canta ""Carmen habanera"" - Musicultura 15/07/2024"
115,Marcin - CLASSICAL DRAGON |Live in Nagoya🇯🇵|
116,Marcin - “ART OF GUITAR TOUR”
117,"Before you sleep, Chopin Nocturne (Marcin Live in Seoul)"
118,Marcin - Bite your Nalis ( Nylon cover)
119,I'm suing Marcin.
120,Flamenco guitarist REACTS: Marcin - To The Greatest Guitarist Of All Time
121,Marcin – Just The Two Of Us | Guitar Cover
122,"【RJ Pasin & MARCIN】Art of Guitar + Life Force + Posterboy (14th Dec 2025) Tokyo, Japan【LIVE】"
123,Marcin - Live Without Backing Tracks Bach’s Toccata
124,"【MARCIN】Guitar is Dead + I Killed It (14th Dec 2025) Tokyo, Japan【LIVE】"
125,"Live without backingtracks 👽Hey Marcin, I Miss BABAYAGA"
126,Marcin Patrzałek – 5 warm-up exercises
127,ANG BNENG KI NONGTEM GUITAR KA MEGHALAYA IA KA SAP U MARCIN HA LARITI HALL
128,Marcin plays Classical Dragon Live
129,"Marcin Full Concert - Le Trianon, Paris - 07/02/2026"
130,Marcin - Alors on danse | Live in Seoul 240824 | #marcin #fingerstyle #guitar
131,EXPOSING Marcin's FAKE Tappy Guitar Playing
132,Marcin Carmen FULL TUTORIAL
133,"Marcin Patrzalek - Caprice No.24 - Gramercy Theater - New York, NY - 6.1.24"
134,"The Always Charming Marcin 😍 Requiem + Carmen, Live in Barcelona, Spain | La Nau Apr. 16, 2025"
135,"Marcin × 정성하 - fly me to the moon, live concert, in korea(20240823)"
136,Marcin and Zabson performed “Tato” LIVE in Warsaw 2023
137,Marcin Live on One Guitar : Moonlight Sonata (from IG livestream)
138,The Heartbreaking Tragic Life Of Marcin Patrzałek
139,"【MARCIN】Carmen Habanera (14th Dec 2025) Tokyo, Japan【LIVE】"
140,Marcin - HOW MUSIC WORKS REACTION | THIS DUDE IS F*CKIN INSANE! 🤯🔥🔥🔥
141,MARCIN FULL CONCERT LA MAROQUINERIE IN PARIS : POV FROM THE LOUDEST FAN (17/03/2025)
142,【Carmen Habanera】Marcin ~ART OF GUITAR@Osaka Japan LIVE
143,Marcin : (Full version) Tutorial and Interview - How Music Works
144,Gallop Strumming Tutorial by Marcin (Live in Seoul)
145,Marcin Maciejczak's ROAD TO VICTORY in The Voice Kids Poland! 👏
146,Marcin Plays Smooth Operator
147,When one video nearly ruins your career
148,I make a video about guitar and NOT about Marcin
149,I Tried To Play Like MARCIN! It broke my hands...
150,Marcin Brokat Czerwiński - BROKAT (Official Video)
151,Marcin said he was so stressed for this live performance
152,Marcin RUINS Another Song... AGAIN
153,// MARCIN // LARITI SHILLONG
154,"Marcin - Beethoven's 5th Symphony + SOAD Toxicity - Seoul. But 1st, some charming conversation 😍🤩🤗🥰"
155,Guitar is Dead
156,Breath Me - Marcin Dlugosz | Deep Melodic Afrohouse
157,When Marcin’s fans played Kashmir in front of him
158,Marcin (Real Guitar Lesson) in Korea
159,Marcin - CARMEN |Live in Nagoya🇯🇵|
160,Classical Chaos: Beethoven’s Moonlight Sonata as Extreme Fingerstyle
161,"프로 기타리스트, MARCIN Moonlight Sonata에 반응하다"
162,MARCIN KŁOSOWSKI - POMIMO BURZ (Official Video)
163,Marcin concert in Bangalore |first concert in India Marcin
164,Marcin - Carmen Habanera | The Art of Guitar Tour | Mumbai
165,Marcin CAN Actually Sing (Live in Washington DC) Art of Guitar Tour
166,"EXCLUSIVE: Marcin Patrzałek Talks Music, Journey & His Shillong Show"
167,【Marcin】How music works fingerstyle and classical @MarcinGuitar
168,"Inside Marcin’s Genius: Rhythm, Technique & Tone | Marcin Interview"
169,"Marcin : Zoro vs Mihawk, song for Netflix (with Sonya Belousova)"
170,Marcin and Ichika - This Is Getting EMBARRASSING
171,I Can't BELIEVE Marcin Posted This
172,Hub news exclusive: Guitar sensation Marcin Patrzałek arrives in Shillong
173,[Tutorial] HOW MUSIC WORKS - MARCIN | Part 3
174,"Marcin Maciejczak - ""I'll Never Love Again"" - Przesłuchania w ciemno | The Voice Kids Poland 3"
175,"Marcin ""Teaches"" His ""Percussive"" ""Guitar"" ""Style"""
176,Marcin : Hong Kong TV Show : Food and Perfomance
177,Chopin Nocturne-Marcin
178,축제에서 번호 따이는 상상하는곡(Marcin - Carmen)
179,Marcin - To the greatest guitarist of all time | Unbelievable | FIRST REACTION
180,"Marcin's new album ""Dragon in Harmony” livestream"
181,마르신팀이 깜짝 놀랐다(캐슈미르) - 프로 기타리스트의 반응.
182,What Really Happened to Marcin Patrzalek From America's Got Talent
183,MARCIN KŁOSOWSKI - CHCIAŁBYM REMIX (Official Video)
184,DJ Impreza - Marcin Marcin
185,Marcin Patrzalek's Hardest Guitar Composition 🇵🇱 TEACHER PAUL REACTS POLAND
186,Marcin's Paganini Performance Is Actually TERRIBLE
187,HOW MUSIC WORKS Live in Seoul | 마르친 내한공연 | Marcin Art of Guitar Tour
188,So how hard is this Marcin song?
189,To The Greatest Guitarist Of All Time 🇵🇱 Marcin Patrzalek | TEACHER PAUL REACTS
190,Marcin Patrzalek - The Tall Fiddler (Tommy Emmanuel) - Solo Acoustic Guitar
191,Marcin Will NEVER Recover From This
192,"어쿠스틱 뮤지션의 반응 | 마르친 & 팀 헨슨 클래식 드래곤, 기타를 그만둬야 한다고 공식 인정"
193,PROOF That Marcin Is a FRAUD
194,MARCIN and YAMANDU COSTA - ART OF GUITAR | Mind BLOWING FIRST REACTION
195,Asturias (arr. Marcin) - Albéniz cover by Alisa Shafira
196,Just the two of us marcin ver. 1강 기타강의 영상
197,Acoustic Power - Marcin (마르친) cover
198,MARCIN prouve qu'il n'est pas FAKE....en faisant ça ?!
199,Marcin FINALLY CALLS ME OUT
200,Carmen Opera Live in Seoul | 마르친 내한공연 | Marcin Art of Guitar Tour
201,Marcin Patrzałek - Live in New York City
202,Marcin - Allergies [핑거스타일 기타 ㅣ fingerstyle guitar]
203,I Called Out Marcin's Playing. Here's Why He's Actually a Guitar Genius
204,"Poi U Marcin Patrzałek ba 25 snem ha Nongbah Shillong,un wan tem ha Lariti, Mawkasiang"
205,"타악기 마스터클래스: 마르친, ""하트 모양 상자""를 재해석하다 | 반응"
206,진짜 난이도가 왜이러냐...?(Marcin - Carmen Opera)
207,Marcin Interview Montreux Jazz Festival Switzerland
208,Marcin - Toccata in re minore - Musicultura 2024
209,"Marcin - ""Alors On Danse"" on one Guitar (Cover)"
210,УНИКАЛЬНЫЙ РАЗБОР I Marcin - Carmen Habanera + TAB
211,Marcin spoiled his next collab with Polish artists :)
212,Marcin's Singapore Performance Was a DISASTER
213,Kashmir - Marcin | Live in Seoul | 마르친 내한공연 | Art of Guitar Tour
214,2025.12.9 마르친 marcin 내한공연 풀영상
215,Absolutely RIDICULOUS! 'How Music Works' - Marcin (classical musician reaction & analysis)
216,"[Umm, he's doing what?] Marcin Patrzalek - Beethoven's 5th Symphony Guitar Cover Reaction"
217,First reaction to Marcin Patrzalek -Still D.R.E. on One Acoustic Guitar
218,React to HOW MUSIC WORKS - Marcin (Official Video) | Proving I'm Not Fake
219,Marcin- untitled solo (acoustic power!!!!)
220,MARCIN – Alors On Danse | Step-by-Step Tutorial (Percussive Fingerstyle)
221,HIS GUITAR OBEYS!? | |Marcin-NBA Halftime Show | Philosopher REACTS
222,Marcin on TV show (ViuTV Hong Kong)
223,HE VIOLATES THE THING!! Marcin - Acoustic Power Solo | Ibanez MRC10 Signature Guitar (Reaction)
224,"Dlaczego wciąż nie masz pieniędzy? Marcin Iwuć o błędach, które kosztują nas najwięcej"
225,This GUITAR DUO 🎸 Marcin & RJ Pasin - ILLEGALLY TALENTED! 😱3X Gold Artist Reacts
226,RESPONSE TO CRITICS: Marcin - To The Greatest Guitarist Of All Time
227,Carmen Habanera marcin ver. 3강 마르친 기타강의
228,Marcin Is The Best Guitarist In The World (Here's Why)
229,60 NAJlepších vtipov Petra Marcina #2
230,Acoustic vs. Electric BATTLE! Marcin and Ichika Nito | REACTION by an old musician
231,원맨 밴드! | 마르친 - 음악의 작동 원리 (라이브) | 리액션
232,She Couldn't Believe What Marcin Could Do
233,Marcin HOW MUSIC WORKS Reaction ⚡ Pure musical genius explained through insane guitar skill
234,Marcin & Esther Abrami - Astor Piazzolla Libertango *REACTION!*🔥
235,세상에서 가장 어려운 기타 곡일까? 브릿팝 가수들이 클래식 드래곤 - 마르친 ft. 팀 헨슨에 대한 반응을 보여주다
236,Marcin & Yamandu Costa - GUITAR MASTERCLASS (Art of Guitar) REACTION
237,Dlaczego świat oszalał na punkcie polskiego mistrza gitary? Marcin Patrzałek
238,"Twoje oszczędności zarabiają za mało? 👉 Sprawdź, gdzie je trzymać [NOWY KALKULATOR]"
239,Marcin Q&A Answering Fans Questions + Interview
240,Marcin Just The One Of Me Reaction 🔥 This Groove Is Addictive
241,Marcin Patrzalek - Wonder Musician
242,Is Marcin Patrzałek Worth the Hype?
243,FASTEST FINGERS ALIVE! Reaction to Marcin Patrzałek playing his hardest guitar composition
244,The Greatest Guitarist Alive? Marcin Patrzałek Will SHOCK You 🤯🔥
245,Marcin - Proving I’m Not Fake (Once And For All) Reaction
246,Guitarist Hears MARCIN For First Time. Kashmir Cover-Pro Guitarist Reacts
247,MARCIN's America's Got Talent Audition (classical musician reaction & analysis)
248,Marcin Actually Got Something RIGHT
249,Marcin's 1st-Ever Show in Vietnam! 😍🇻🇳 Guitar Is Dead/I Killed It/Innuendo/Asturias in Saigon!❤️❤️❤️
250,Marcin I Returned To My Class After 10 Years Just To Play This Song Reaction 🎸 Unreal Guitar
251,Marcin – Just The Two Of Us | Percussive Guitar Tutorial + TABS
252,Lost Senses | A Short Film by Marcin Wasilewski
253,MARCIN LIVE IN SWIZERLAND 2025
254,"WAN POI U NONGTEM GUITAR BA PAWNAM KA RI POLAND HA SHILLONG, U MARCIN PATRZALEK"
255,Co to Leszno? | Stal i Falubaz na fali | W Metalkasie na styku | Magazyn 24.08
256,"Marcin, le virtuose de la guitare - C à Vous - 01/10/2024"
257,Marcin How Marcin Breaks the Internet Reaction 🔥 The Percussive Playing Was Absolutely Unreal
258,기타 솔로 반응 ~ 마르신 ~ 역대 최고의 기타리스트에게 #마르신 #파코데루시아
259,Marcin’s Epic Metallica Cover – Master of Puppets | Flamenco Guitarist Reacts
260,첫인상 반응 - 마르친 - 음악은 어떻게 작동하는가 | 라이브 콘서트
261,JUST THE TWO OF US ON GUITAR - MARCIN x ICHIKA NIKO - FIRST TIME HEARING - REACTION
262,Marcin - Hardest Guitar Composition Yet - First Reaction | HOW Is This Possible 😳🔥
263,이 기타 연주는 우리의 뇌를 망가뜨렸어요 😱 | Marcin ft. RJ Pasin
264,Marcin Tú sí que vales
265,First Time Hearing | Marcin Patrzalek | System of a Down's Toxicity Reaction
266,Marcin이 다시 학교에 가다 & 나를 또 놀라게 하다 - 프로 기타리스트의 리액션
267,Can I Learn Marcin’s How Music Works? (Part 1)
268,[Guitar Cover] Marcin - Moonlight Sonata | 일렉트릭/핑거스타일 기타로 재해석한 베토벤 월광
269,Najlepszy gitarzysta wszech czasów rodzi się na naszych oczach? Marcin Patrzałek
270,How to build a full body ultrasound
271,Kto ma prawa autorskie do świata? | o. Marcin Ciechanowski [Jasna Góra]
272,"This should be ILLEGAL! | Classical musician reacts: ""Classical Dragon"" - Marcin & Tim Henson"
273,Marcin Carmen Habanera Reaction 🧠 | Tension and Release Without a Single Word
274,#비이원성
275,Marcin M - Dwa serca official video HIT Ballad 2026
276,His FIRST Time hearing MARCIN - Moonlight Sonata REACTION
277,Halo - Marcin Dlugosz | Euphoric Melodic Afrohouse
278,¿Genio o puro espectáculo? Reacción a Marcin
279,I 3D printed a Couch... bc that's a thing you can just do ig
280,Cozy With Me (Lo-Fi House Mix) - Marcin Dlugosz | Lo-Fi Chill House
281,Just the Two of us - Marcin Arr. Full cover in 39 seconds
282,"[Marcin's Shooting Range] ""Bezsenne noce"" - Republic of Zedrutia"
283,I built my own Phone... because innovation is sad rn
284,When I played Marcin at the school festival..
285,Classical Dragon (Tim solo part) 弾いてみた(17歳)#guitar #marcin #timhenson
286,ROASTING Internet Guitarists - *MARCIN MENTIONED*
287,Marcin
288,Marcin Pawłowski o wyprawie z Patecem na niezdobyty szczyt w Karakorum
289,Serce (Lo-Fi House Mix) - Marcin Dlugosz | Emotional Lo-Fi House | Late Night Deep Groove
290,Break of Day - Marcin Dlugosz | Afrohouse Sunrise Journey
291,Marcin Smith
292,Marcin Smith
293,Marcin Smith
294,Marcin Smith
295,BABY BOOM w Rolnik szuka żony! 👶 Marcin i Ania POKAZALI BRZUSZEK! Co u reszty par?!
296,Marcin Smith
297,Marcin. Kattegat
298,ROZBITY MATRIX! ZDERZYŁEM SIĘ ZE ŚCIANĄ! MARCIN SIANOS NIE DO PRZEJŚCIA! MICHAŁ KRÓLIK PO WALCE
299,Ekosystem oparty na współpracy - Szymon Glonek i Marcin Kościński
300,"Informator Militarny, Konflikty, Nowości Militarne, Wojskowość. Marcin Gliwa, Kapitan Lisowski"
301,Marcin Smith
302,gnuy marcin - BEZ PRZERWY
303,Marcin Smith
304,Marcin Smith
305,Marcin Smith
306,Marcin Smith
307,5 MYTHS About Nylon String Guitar - Debunked
308,Kacper Ruciński - Po piąte: Nie dobijaj!
309,"RAFAŁ PACZEŚ - ""Puder Do Cery Zimnej"" (2018) (całe nagranie)"